1,31,39,1159,"2020-12-21 12:13:00.0000000",,"y","please check invoice for further approval test","checked process invoice","y"
2,31,39,1167,"2020-12-21 12:13:00.0000000",,"y","test comment","hgjkjklkllklklklk","y"
3,31,39,1167,"2020-12-22 10:49:00.0000000",,"y","new test refer1","hgjkjklkllklklklk","y"
4,31,39,1167,"2020-12-22 11:18:00.0000000",,"y","tertrtrtrtrty","hgjkjklkllklklklk","y"
5,31,39,1167,"2020-12-22 11:20:00.0000000",,"y","hghghghghj","hgjkjklkllklklklk","y"
6,31,39,1172,"2020-12-22 10:05:00.0000000",,"y","test refer1","hgdddddddddd","y"
7,31,39,1172,"2020-12-22 10:13:00.0000000",,"y","test refer 2","hgdddddddddd","y"
8,31,39,1172,"2020-12-22 11:26:00.0000000",,"y","gjhkjkllklkljjjjjjjjjjjjjjjjjjjjjjjjjjjjnb","hjjkklyteestyuufromvivek","y"
9,38,70,1761,"2020-12-21 12:13:00.0000000",,"y","Test Refer","Ok Refer test","y"
10,39,31,1173,"2020-12-21 12:13:00.0000000",,"y","refer from vivek to admin",,"y"
11,39,38,1112,"2020-12-21 12:13:00.0000000",,"y","hi there","currecny sorted","y"
12,39,38,1182,"2020-12-21 12:13:00.0000000",,"y","bhaiya edhar issue aaya hai dekh lo na zaara!","all okay u can check","y"
13,39,38,1358,"2020-12-21 12:13:00.0000000",,"y","hi","hi","y"
14,39,38,1457,"2020-12-21 12:13:00.0000000",,"y","testig","hi all okay you can proceed","y"
15,39,38,1461,"2020-12-21 12:13:00.0000000",,"y","test12341234","all okay from admin sending to meghana","y"
16,39,56,1235,"2020-12-22 10:38:00.0000000",,"y","dnkjasdnsjkdhaskjdhaksdhsjakdhksajhdjkasdhakjhd","hjjjjjjjjjjjjjjjjjjjjjjjjjjjjjjjjjjjjjjjjjjjdjkdjkdjkdjkdjkddddddddddd","y"
17,39,56,1540,"2020-12-21 12:13:00.0000000",,"y","kdfmskfksadmkamdklasmfdlkasmdlksa","okay no prblm","y"
18,39,56,1626,"2020-12-21 12:13:00.0000000",,"y","internal error2I","jkkkkkkkkkkkkkkkkkkkkkkkkkkkkkkkk","y"
19,39,56,1626,"2020-12-22 11:30:00.0000000",,"y","hjhjjjjjjjjjjj","jkkkkkkkkkkkkkkkkkkkkkkkkkkkkkkkk","y"
20,39,56,1748,"2020-12-21 12:13:00.0000000",,"y","internal error","All okay no internal error","y"
21,39,70,1761,"2020-12-21 12:13:00.0000000",,"y","testing_admin","123 test","y"
22,45,30,1454,"2020-12-21 12:13:00.0000000",,"y","TEST Refer","Reply refer comments","y"
23,56,39,1172,"2020-12-21 12:13:00.0000000",,"y","hi check 1","hi reply1","y"
24,56,39,1172,"2020-12-21 12:20:00.0000000",,"y","hi comnt 2",,"n"
25,56,56,1450,"2020-12-21 12:13:00.0000000",,"y",,,"n"
26,56,70,1625,"2020-12-21 12:13:00.0000000",,"y","testing",,"n"
27,56,70,1629,"2020-12-21 12:13:00.0000000",,"y","testing",,"n"
28,56,70,1718,"2020-12-21 12:13:00.0000000",,"y","testing",,"n"
29,56,70,1751,"2020-12-21 12:13:00.0000000",,"y","test01","done","y"
30,70,56,1516,"2020-12-21 12:13:00.0000000",,"y","test","testing_phase2","y"
31,70,56,1540,"2020-12-21 12:13:00.0000000",,"y","test_02","phase_02","y"
32,70,56,1572,"2020-12-21 12:13:00.0000000",,"y","testing_check",,"n"
33,70,70,1772,"2020-12-21 12:13:00.0000000",,"y","check01",,"n"
34,39,56,1626,"2020-12-22 12:11:00.0000000",,"y","dffggftfyhjhjjkkllklklbvbnhghjhj","hello test case new","y"
35,31,56,1626,"2020-12-22 12:21:00.0000000",,"y","newwwwwwwwwwwwwwwwwwwwwwww","repluuuuuuuuuuuuyyyyyyyyyyyyyyyyyyyynewwwwww","y"
36,91,56,1626,"2020-12-22 12:22:00.0000000",,"y","testttttttttttttttttttttttttttttttttttttttttttttttttttttttttttttttttttttttttttt",,"n"
37,38,56,1572,"2020-12-22 12:46:00.0000000",,"y","jhhjfghjgfhjgf","jhgfhjfgjhfgjkfgjkgfjkfrommeghana","y"
38,56,39,1167,"2020-12-22 13:23:00.0000000",,"y","kllllllllllllllllllllllllllllllllllllll","frompriya","y"
39,31,39,1167,"2020-12-22 13:24:00.0000000",,"y","vhgggggggggggggggg","from vivek","y"
40,56,70,1813,"2020-12-22 19:48:00.0000000",,"y","hello_02","hello_03 - ok","y"
41,56,70,1813,"2020-12-22 19:53:00.0000000",,"y","hello_04 - check again",,"n"
42,56,70,1813,"2020-12-22 19:54:00.0000000",,"y","hello_04.1 - chechk again","hello_05 - DONE","y"
43,39,70,1813,"2020-12-22 20:00:00.0000000",,"y","hello_06 - check once","hello_07 - correct","y"
44,56,70,1825,"2020-12-22 20:13:00.0000000",,"y","test",,"n"
45,56,56,1626,"2020-12-23 02:12:00.0000000",,"y","testing",,"n"
46,31,39,1167,"2020-12-23 05:40:00.0000000",,"y","testttttttttttttttttttttttttttttttttt","foundddddddddddddddddddddddd","y"
47,56,39,1167,"2020-12-23 06:46:00.0000000",,"y","hjdhdhjdhjdhj","hjdjhfhjfjkfretpriya","y"
48,56,70,1842,"2020-12-23 07:53:00.0000000",,"y","hello_011",,"n"
49,56,70,1852,"2020-12-23 09:23:00.0000000",,"y","hellllllo",,"n"
50,31,70,1852,"2020-12-23 09:27:00.0000000",,"y","twstt",,"n"
51,39,38,1876,"2020-12-23 11:56:00.0000000",,"y","check",,"n"
52,56,38,1879,"2020-12-23 12:05:00.0000000",,"y","hi_02",,"n"
53,56,70,1883,"2020-12-23 12:10:00.0000000",,"y","hello_101",,"n"
54,56,70,1964,"2020-12-23 18:52:00.0000000",,"y","hello",,"n"
55,56,70,1964,"2020-12-23 18:52:00.0000000",,"y","hello2","ok","y"
56,44,44,1981,"2020-12-24 03:42:00.0000000",,"y","need help",,"n"
57,44,39,1955,"2020-12-24 06:17:00.0000000",,"y","test","ok","y"
58,44,45,2000,"2020-12-25 04:01:00.0000000",,"y","Refer Comments",,"n"
59,70,70,1953,"2020-12-27 07:10:00.0000000",,"y","Helo",,"n"
60,70,70,1629,"2020-12-27 18:52:00.0000000",,"y","Hi",,"n"
61,70,39,2064,"2020-12-28 03:50:00.0000000",,"y","check_01",,"n"
62,56,70,2067,"2020-12-28 04:03:00.0000000",,"y","refer_1","refer_2@","y"
63,56,70,2067,"2020-12-28 04:05:00.0000000",,"y","rfere_3","refer_4@","y"
64,56,70,2068,"2020-12-28 04:21:00.0000000",,"y","1st pahse msg","1st phase reply","y"
65,56,70,2068,"2020-12-28 04:22:00.0000000",,"y","2nd phase msg","2nd phase reply","y"
66,56,70,2068,"2020-12-28 04:24:00.0000000",,"y","3rd phase msg","3rd phase reply","y"
67,56,56,2115,"2020-12-28 11:20:00.0000000",,"y","Refer",,"n"
68,44,45,2217,"2020-12-28 18:23:00.0000000",,"y","Test","ok","y"
69,56,70,2280,"2020-12-30 14:54:00.0000000",,"y","check_01",,"n"
73,39,30,2291,"2020-12-31 09:15:00.0000000",,"y","ksajdhsakjdhskajdh","ksdhfskjdhksajdhasjd","y"
74,96,70,2381,"2021-01-04 15:27:00.0000000",,"y","comment_02",,"n"
75,56,70,2381,"2021-01-04 15:28:00.0000000",,"y","comment_03","done __ :)","y"
76,56,39,2266,"2021-01-04 16:27:00.0000000",,"y","demo",,"n"
77,70,56,2380,"2021-01-04 16:28:00.0000000",,"y","test","hi","y"
78,96,39,2385,"2021-01-04 19:17:00.0000000",,"y","test","yupppp","y"
79,70,39,2387,"2021-01-04 20:14:00.0000000",,"y","check","OK","y"
80,70,30,2374,"2021-01-05 02:42:00.0000000",,"y","test 3",,"n"
81,45,30,2374,"2021-01-05 02:48:00.0000000",,"y","test12","test34","y"
82,56,56,2272,"2021-01-05 09:51:00.0000000",,"y","refer comments testing",,"n"
83,44,56,2199,"2021-01-05 11:06:00.0000000",,"y","refer comments testing",,"n"
85,96,39,2409,"2021-01-05 11:47:00.0000000",,"y","dkjdshfkjsdsdnfdslkfjfdlkjvbdav ashwini","jai shri krishna mota bhai","y"
86,56,39,2134,"2021-01-05 13:04:00.0000000",,"y","a\,sndahdkjashdksad",,"n"
87,56,96,2411,"2021-01-05 13:18:00.0000000",,"y","hihihii","hi","y"
88,56,70,2416,"2021-01-05 14:47:00.0000000",,"y","checcccccccccccckkkkkkkkkkkkkkkk",,"y"
89,56,70,2416,"2021-01-05 14:51:00.0000000",,"y","ertyui","hhhhiiiiiiii","y"
90,31,70,2419,"2021-01-05 15:55:00.0000000",,"y","test","hi","y"
91,70,56,2420,"2021-01-05 16:40:00.0000000",,"y","refer to a","reply to p","y"
92,31,39,2154,"2021-01-06 05:15:00.0000000",,"y","check","complete","y"
93,31,39,1955,"2021-01-06 05:23:00.0000000",,"y","just test","test reply","y"
94,31,39,2147,"2021-01-06 05:41:00.0000000",,"y","check","check done","y"
95,31,39,2141,"2021-01-06 05:50:00.0000000",,"y","yuyuyu","jhfhjhjfjk","y"
96,31,39,2153,"2021-01-06 06:09:00.0000000",,"y","hjhdhjhjj","hjjkkl","y"
97,31,39,2154,"2021-01-06 06:17:00.0000000",,"y","time check",,"n"
98,56,70,2439,"2021-01-06 09:50:00.0000000",,"y","hhhiii","hi","y"
99,56,70,2441,"2021-01-06 10:10:00.0000000",,"y","pppp",,"n"
100,29,56,2444,"2021-01-06 13:22:00.0000000",,"y","check at first approval",,"n"
101,70,56,2470,"2021-01-06 13:41:00.0000000",,"y","hwwll","replyyyy","y"
102,70,56,2470,"2021-01-06 13:44:00.0000000",,"y","cgvhbjn","hhi","y"
103,29,56,2457,"2021-01-06 15:44:00.0000000",,"y","test","ok fine","y"
104,29,56,2457,"2021-01-06 16:04:00.0000000",,"y","test again","ok its fina na","y"
105,29,56,2457,"2021-01-06 16:10:00.0000000",,"y","refre after reject1","ok nnn","y"
106,29,56,2456,"2021-01-06 16:30:00.0000000",,"y","test1","kuhio","y"
107,29,56,2456,"2021-01-06 16:33:00.0000000",,"y","refer2 after reject","kjbdc","y"
114,56,70,2485,"2021-01-06 19:08:00.0000000",,"y","referrrr","reply","y"
115,31,39,2514,"2021-01-07 09:10:00.0000000",,"y","test",,"n"
117,96,30,2531,"2021-01-07 11:19:00.0000000",,"y","check1234",,"n"
118,96,30,2532,"2021-01-07 11:23:00.0000000",,"y","check","check done","y"
119,33,110,2555,"2021-01-08 05:38:00.0000000",,"y","refer","correct","y"
120,70,56,2555,"2021-01-08 05:42:00.0000000",,"y","refer",,"n"
121,45,56,2555,"2021-01-08 05:43:00.0000000",,"y","refer",,"n"
123,56,70,2068,"2021-01-08 19:48:00.0000000",,"y",,,"n"
124,56,96,2615,"2021-01-08 20:02:00.0000000",,"y","cfvgbh","hi","y"
125,56,56,2490,"2021-01-08 20:24:00.0000000",,"y","hnjm",,"n"
126,56,70,2068,"2021-01-08 20:30:00.0000000",,"y","hj","brbr hai","y"
127,56,70,2068,"2021-01-08 20:30:00.0000000",,"y","check","done","y"
128,56,31,2613,"2021-01-08 20:42:00.0000000",,"y","hiiiiiiiiii","done","y"
129,56,31,2598,"2021-01-08 20:45:00.0000000",,"y","hi","done","y"
130,39,56,2642,"2021-01-11 05:15:00.0000000",,"y","ghdhjdjhd","jhfjkfjklfkljf","y"
132,39,70,2381,"2021-01-11 12:29:00.0000000",,"y","jjhdjkdjk","jhdhjdhjkjd","y"
134,39,56,2643,"2021-01-11 17:45:00.0000000",,"y","referred","replied to priya","y"
137,39,70,2744,"2021-01-15 08:31:00.0000000",,"y","Hi there Mail check!","cheked","y"
138,45,30,2762,"2021-01-15 10:05:00.0000000",,"y","Test Invoice","it ok","y"
139,96,70,2778,"2021-01-15 16:53:00.0000000",,"y","yes",":))","y"
140,96,70,2778,"2021-01-15 16:53:00.0000000",,"y","d",":)","y"
141,96,70,2778,"2021-01-15 16:58:00.0000000",,"y",":-{","hi","y"
142,96,70,2778,"2021-01-15 16:58:00.0000000",,"y",":\"","hihi","y"
143,96,70,2778,"2021-01-15 17:00:00.0000000",,"y","cfvb",,"n"
144,96,70,2778,"2021-01-15 17:00:00.0000000",,"y","cvbnnn","hi","y"
145,56,33,2787,"2021-01-15 17:20:00.0000000",,"y","hieooo","checkkk","y"
148,71,56,2861,"2021-01-16 13:30:00.0000000",,"y","referred","TestRef_Pass","y"
149,30,56,2856,"2021-01-16 13:33:00.0000000",,"y","referred invoice",,"n"
151,110,30,2958,"2021-01-20 02:44:00.0000000",,"y","test",,"n"
152,96,110,3404,"2021-02-04 06:33:00.0000000",,"y","refer","done","y"
153,31,110,3469,"2021-02-08 13:42:00.0000000",,"y","verify it","Correct","y"
154,96,110,3469,"2021-02-08 13:42:00.0000000",,"y","verify","done","y"
155,30,29,2963,"2021-03-01 14:00:00.0000000",,"y","hi",,"n"
156,110,30,3608,"2021-03-01 14:04:00.0000000",,"y","hiiiiiiiii","hi","y"
158,31,39,2630,"2021-03-09 07:12:00.0000000",,"y","tests","tets2","y"
159,110,30,4113,"2021-04-14 06:14:00.0000000",,"y","Test DEMO","inv ok","y"
160,30,110,4674,"2021-05-20 10:39:00.0000000",,"y","Test 001","item ok","y"
161,30,110,4674,"2021-05-20 10:41:00.0000000",,"y","test 002",,"n"
162,30,110,4699,"2021-05-20 10:55:00.0000000",,"y","Test 011","invoice ok","y"
163,31,30,5173,"2021-06-10 06:08:00.0000000",,"y","hi check 1","check 1 done","y"
165,96,30,5173,"2021-06-10 06:15:00.0000000",,"y","hola check 2","hola check 2 done","y"
166,29,39,2630,"2021-06-15 10:17:00.0000000",,"y","2630 herichy test from admin","reply from rohit herichy test","y"
167,110,30,5173,"2021-07-06 10:54:00.0000000",,"y","testing herichy","reply from meghna","y"
168,45,110,5751,"2021-07-29 06:28:00.0000000",,"y","ok","test ok","y"
169,45,110,5785,"2021-08-02 06:46:00.0000000",,"y","test","test ok","y"
170,30,110,5866,"2021-08-25 10:21:00.0000000",,"y","PO change","ok","y"
171,30,110,5896,"2021-09-24 05:23:00.0000000",,"y","PFA","can be approved","y"
172,30,110,6826,"2021-12-13 09:35:00.0000000",,"y","Test","ok","y"
173,150,30,7016,"2022-01-03 11:57:00.0000000",,"y","Check total","approve","y"
174,150,30,7017,"2022-01-04 08:59:00.0000000",,"y","Check TDS\, Adjustments","TDS","y"
175,151,110,7017,"2022-01-04 09:01:00.0000000",,"y","TDS and Adjustments",,"n"
176,150,45,7091,"2022-01-10 06:39:00.0000000",,"y","Check refer option- Android","Approve\, Abhishek","y"
177,151,150,7092,"2022-01-10 07:42:00.0000000",,"y","Check approval flow","Approve- 7092","y"
178,150,45,7092,"2022-01-10 07:46:00.0000000",,"y","refer",,"n"
179,158,157,7080,"2022-01-17 10:39:00.0000000",,"y","test",,"n"
180,158,157,7080,"2022-01-17 10:47:00.0000000",,"y","test",,"n"
181,110,30,7565,"2022-02-08 05:16:00.0000000",,"y","Test","Ok","y"
